{
  "project_info": {
    "project_number": "947561613562",
    "project_id": "sayang-air-be45f",
    "storage_bucket": "sayang-air-be45f.appspot.com"
  },
  "client": [
    {
      "client_info": {
        "mobilesdk_app_id": "1:947561613562:android:c9c8b902296fdffa91a143",
        "android_client_info": {
          "package_name": "com.waterissue.sayangair"
        }
      },
      "oauth_client": [],
      "api_key": [
        {
          "current_key": "AIzaSyBMEsAsUJXf8XA8To193JJ2Z-36YjB_5qs"
        }
      ],
      "services": {
        "appinvite_service": {
          "other_platform_oauth_client": []
        }
      }
    }
  ],
  "configuration_version": "1"
}